Player,NBA.Team,Affiliation,Year,Round Number,Round Pick,Overall Pick,TeamID
Jermareo Davidson,Golden State Warriors,Alabama,2007,2,6,36,1104
Mo Williams,Utah Jazz,Alabama,2003,2,18,47,1104
Richard Hendrix,Golden State Warriors,Alabama,2008,2,19,49,1104
Rod Grizzard,Washington Wizards,Alabama,2002,2,10,38,1104
Aaron Gordon,Orlando Magic,Arizona,2014,1,4,4,1112
Andre Iguodala,Philadelphia 76ers,Arizona,2004,1,9,9,1112
Channing Frye,New York Knicks,Arizona,2005,1,8,8,1112
Chase Budinger,Detroit Pistons,Arizona,2009,2,14,44,1112
Derrick Williams,Minnesota Timberwolves,Arizona,2011,1,2,2,1112
Grant Jerrett,Portland Trail Blazers,Arizona,2013,2,10,40,1112
Hassan Adams,New Jersey Nets,Arizona,2006,2,24,54,1112
Jerryd Bayless,Indiana Pacers,Arizona,2008,1,11,11,1112
Jordan Hill,New York Knicks,Arizona,2009,1,8,8,1112
Luke Walton,Los Angeles Lakers,Arizona,2003,2,3,32,1112
Marcus Williams,San Antonio Spurs,Arizona,2007,2,3,33,1112
Nick Johnson,Houston Rockets,Arizona,2014,2,12,42,1112
Rondae Hollis-Jefferson,Portland Trail Blazers,Arizona,2015,1,23,23,1112
Salim Stoudamire,Atlanta Hawks,Arizona,2005,2,1,31,1112
Solomon Hill,Indiana Pacers,Arizona,2013,1,23,23,1112
Stanley Johnson,Detroit Pistons,Arizona,2015,1,8,8,1112
Carrick Felix,Cleveland Cavaliers,Arizona State,2013,2,3,33,1113
Ike Diogu,Golden State Warriors,Arizona State,2005,1,9,9,1113
James Harden,Oklahoma City Thunder,Arizona State,2009,1,3,3,1113
Jeff Ayres,Sacramento Kings,Arizona State,2009,2,1,31,1113
Tommy Smith,Chicago Bulls,Arizona State,2003,2,24,53,1113
Bobby Portis,Chicago Bulls,Arkansas,2015,1,22,22,1116
Ronnie Brewer,Utah Jazz,Arkansas,2006,1,14,14,1116
Sonny Weems,Chicago Bulls,Arkansas,2008,2,9,39,1116
Jason Jennings,Portland Trail Blazers,Arkansas State,2002,2,14,42,1117
Cory Jefferson,San Antonio Spurs,Baylor,2014,2,30,60,1124
Ekpe Udoh,Golden State Warriors,Baylor,2010,1,6,6,1124
Perry Jones III,Oklahoma City Thunder,Baylor,2012,1,28,28,1124
Pierre Jackson,Philadelphia 76ers,Baylor,2013,2,12,42,1124
Quincy Acy,Toronto Raptors,Baylor,2012,2,7,37,1124
Quincy Miller,Denver Nuggets,Baylor,2012,2,8,38,1124
Taurean Prince,Utah Jazz,Baylor,2016,1,12,12,1124
Craig Smith,Minnesota Timberwolves,Boston College,2006,2,6,36,1130
Jared Dudley,Charlotte Bobcats,Boston College,2007,1,22,22,1130
Olivier Hanlan,Utah Jazz,Boston College,2015,2,12,42,1130
Reggie Jackson,Oklahoma City Thunder,Boston College,2011,1,24,24,1130
Sean Williams,New Jersey Nets,Boston College,2007,1,17,17,1130
Troy Bell,Boston Celtics,Boston College,2003,1,16,16,1130
Richaun Holmes,Philadelphia 76ers,Bowling Green,2015,2,7,37,1132
Patrick O'Bryant,Golden State Warriors,Bradley,2006,1,9,9,1133
Mike Muscala,Dallas Mavericks,Bucknell,2013,2,14,44,1137
Gordon Hayward,Utah Jazz,Butler,2010,1,9,9,1139
Shelvin Mack,Washington Wizards,Butler,2011,2,4,34,1139
Jimmer Fredette,Milwaukee Bucks,Brigham Young,2011,1,10,10,1140
Rafael Araujo,Toronto Raptors,Brigham Young,2004,1,8,8,1140
Royal Ivey,Atlanta Hawks,Brigham Young,2004,2,8,37,1140
Travis Hansen,Atlanta Hawks,Brigham Young,2003,2,8,37,1140
Trent Plaisted,Oklahoma City Thunder,Brigham Young,2008,2,16,46,1140
Chris Kaman,Los Angeles Clippers,Central Michigan,2003,1,6,6,1141
Allen Crabbe,Cleveland Cavaliers,California,2013,2,1,31,1143
DeVon Hardin,Oklahoma City Thunder,California,2008,2,20,50,1143
Jamal Sampson,Utah Jazz,California,2002,2,18,46,1143
Jaylen Brown,Boston Celtics,California,2016,1,3,3,1143
Leon Powe,Denver Nuggets,California,2006,2,19,49,1143
Ryan Anderson,New Jersey Nets,California,2008,1,21,21,1143
Tyrone Wallace,Utah Jazz,California,2016,2,30,60,1143
Corsley Edwards,Sacramento Kings,Central Connecticut State,2002,2,29,57,1148
James White,Portland Trail Blazers,Cincinnati,2006,2,1,31,1153
Jason Maxiell,Detroit Pistons,Cincinnati,2005,1,26,26,1153
Lance Stephenson,Indiana Pacers,Cincinnati,2010,2,10,40,1153
Steve Logan,Golden State Warriors,Cincinnati,2002,2,1,29,1153
KJ McDaniels,Philadelphia 76ers,Clemson,2014,2,2,32,1155
Trevor Booker,Minnesota Timberwolves,Clemson,2010,1,23,23,1155
Norris Cole,Chicago Bulls,Cleveland State,2011,1,28,28,1156
Andrew Goudelock,Los Angeles Lakers,College of Charleston,2011,2,16,46,1158
Alec Burks,Utah Jazz,Colorado,2011,1,12,12,1160
Andre Roberson,Minnesota Timberwolves,Colorado,2013,1,26,26,1160
David Harrison,Indiana Pacers,Colorado,2004,1,29,29,1160
Spencer Dinwiddie,Detroit Pistons,Colorado,2014,2,8,38,1160
Colton Iverson,Indiana Pacers,Colorado State,2013,2,23,53,1161
Jason Smith,Miami Heat,Colorado State,2007,1,20,20,1161
A.J. Price,Indiana Pacers,Connecticut,2009,2,22,52,1163
Andre Drummond,Detroit Pistons,Connecticut,2012,1,9,9,1163
Ben Gordon,Chicago Bulls,Connecticut,2004,1,3,3,1163
Caron Butler,Miami Heat,Connecticut,2002,1,10,10,1163
Charlie Villanueva,Toronto Raptors,Connecticut,2005,1,7,7,1163
Daniel Hamilton,Denver Nuggets,Connecticut,2016,2,26,56,1163
DeAndre Daniels,Toronto Raptors,Connecticut,2014,2,7,37,1163
Denham Brown,Seattle SuperSonics,Connecticut,2006,2,10,40,1163
Emeka Okafor,Charlotte Bobcats,Connecticut,2004,1,2,2,1163
Hasheem Thabeet,Memphis Grizzlies,Connecticut,2009,1,2,2,1163
Hilton Armstrong,New Orleans/Oklahoma City Hornets,Connecticut,2006,1,12,12,1163
Jeremy Lamb,Houston Rockets,Connecticut,2012,1,12,12,1163
Josh Boone,New Jersey Nets,Connecticut,2006,1,23,23,1163
Kemba Walker,Charlotte Bobcats,Connecticut,2011,1,9,9,1163
Marcus Williams,New Jersey Nets,Connecticut,2006,1,22,22,1163
Rudy Gay,Houston Rockets,Connecticut,2006,1,8,8,1163
Shabazz Napier,Charlotte Hornets,Connecticut,2014,1,24,24,1163
Stanley Robinson,Orlando Magic,Connecticut,2010,2,29,59,1163
Doug McDermott,Denver Nuggets,Creighton,2014,1,11,11,1166
Kyle Korver,New Jersey Nets,Creighton,2003,2,22,51,1166
Robert Swift,Seattle SuperSonics,Bakersfield,2004,1,12,12,1167
Pape Sow,Miami Heat,Cal State-Fullerton,2004,2,18,47,1168
Stephen Curry,Golden State Warriors,Davidson,2009,1,7,7,1172
Sammy Mejia,Detroit Pistons,DePaul,2007,2,27,57,1177
Wilson Chandler,New York Knicks,DePaul,2007,1,23,23,1177
Ray McCallum,Sacramento Kings,Detroit Mercy,2013,2,6,36,1178
Willie Green,Seattle SuperSonics,Detroit Mercy,2003,2,12,41,1178
Austin Rivers,New Orleans Hornets,Duke,2012,1,10,10,1181
Brandon Ingram,Los Angeles Lakers,Duke,2016,1,2,2,1181
Carlos Boozer,Cleveland Cavaliers,Duke,2002,2,6,34,1181
Chris Duhon,Chicago Bulls,Duke,2004,2,9,38,1181
Dahntay Jones,Boston Celtics,Duke,2003,1,20,20,1181
Daniel Ewing,Los Angeles Clippers,Duke,2005,2,2,32,1181
Gerald Henderson,Charlotte Bobcats,Duke,2009,1,12,12,1181
Jabari Parker,Milwaukee Bucks,Duke,2014,1,2,2,1181
Jahlil Okafor,Philadelphia 76ers,Duke,2015,1,3,3,1181
Jay Williams,Chicago Bulls,Duke,2002,1,2,2,1181
JJ Redick,Orlando Magic,Duke,2006,1,11,11,1181
Josh McRoberts,Portland Trail Blazers,Duke,2007,2,7,37,1181
Justise Winslow,Miami Heat,Duke,2015,1,10,10,1181
Kyle Singler,Detroit Pistons,Duke,2011,2,3,33,1181
Kyrie Irving,Cleveland Cavaliers,Duke,2011,1,1,1,1181
Luol Deng,Phoenix Suns,Duke,2004,1,7,7,1181
Mason Plumlee,Brooklyn Nets,Duke,2013,1,22,22,1181
Mike Dunleavy,Golden State Warriors,Duke,2002,1,3,3,1181
Miles Plumlee,Indiana Pacers,Duke,2012,1,26,26,1181
Nolan Smith,Portland Trail Blazers,Duke,2011,1,21,21,1181
Rodney Hood,Utah Jazz,Duke,2014,1,23,23,1181
Ryan Kelly,Los Angeles Lakers,Duke,2013,2,18,48,1181
Shelden Williams,Atlanta Hawks,Duke,2006,1,5,5,1181
Tyus Jones,Cleveland Cavaliers,Duke,2015,1,24,24,1181
Rodney Stuckey,Detroit Pistons,Eastern Washington,2007,1,15,15,1186
Tyler Harvey,Orlando Magic,Eastern Washington,2015,2,21,51,1186
Al Horford,Atlanta Hawks,Florida,2007,1,3,3,1196
Bradley Beal,Washington Wizards,Florida,2012,1,3,3,1196
Chandler Parsons,Houston Rockets,Florida,2011,2,8,38,1196
Chris Richard,Minnesota Timberwolves,Florida,2007,2,11,41,1196
Corey Brewer,Minnesota Timberwolves,Florida,2007,1,7,7,1196
David Lee,New York Knicks,Florida,2005,1,30,30,1196
Erik Murphy,Chicago Bulls,Florida,2013,2,19,49,1196
Joakim Noah,Chicago Bulls,Florida,2007,1,9,9,1196
Marreese Speights,Philadelphia 76ers,Florida,2008,1,16,16,1196
Matt Bonner,Chicago Bulls,Florida,2003,2,16,45,1196
Nick Calathes,Minnesota Timberwolves,Florida,2009,2,15,45,1196
Taurean Green,Portland Trail Blazers,Florida,2007,2,22,52,1196
Vernon Macklin,Detroit Pistons,Florida,2011,2,22,52,1196
Al Thornton,Los Angeles Clippers,Florida State,2007,1,14,14,1199
Alexander Johnson,Indiana Pacers,Florida State,2006,2,15,45,1199
Bernard James,Cleveland Cavaliers,Florida State,2012,2,3,33,1199
Chris Singleton,Washington Wizards,Florida State,2011,1,18,18,1199
Malik Beasley,Denver Nuggets,Florida State,2016,1,19,19,1199
Ryan Reid,Indiana Pacers,Florida State,2010,2,27,57,1199
Solomon Alabi,Dallas Mavericks,Florida State,2010,2,20,50,1199
Tim Pickett,New Orleans Hornets,Florida State,2004,2,15,44,1199
Toney Douglas,Los Angeles Lakers,Florida State,2009,1,29,29,1199
Von Wafer,Los Angeles Lakers,Florida State,2005,2,9,39,1199
Chris Jefferies,Los Angeles Lakers,Fresno State,2002,1,27,27,1201
Dominic McGuire,Washington Wizards,Fresno State,2007,2,17,47,1201
Melvin Ely,Los Angeles Clippers,Fresno State,2002,1,12,12,1201
Paul George,Indiana Pacers,Fresno State,2010,1,10,10,1201
Tito Maddox,Houston Rockets,Fresno State,2002,2,9,37,1201
JR Pinnock,Dallas Mavericks,George Washington,2006,2,28,58,1203
DaJuan Summers,Detroit Pistons,Georgetown,2009,2,5,35,1207
Greg Monroe,Detroit Pistons,Georgetown,2010,1,7,7,1207
Jeff Green,Boston Celtics,Georgetown,2007,1,5,5,1207
Michael Sweetney,New York Knicks,Georgetown,2003,1,9,9,1207
Otto Porter,Washington Wizards,Georgetown,2013,1,3,3,1207
Patrick Ewing Jr.,Sacramento Kings,Georgetown,2008,2,13,43,1207
Roy Hibbert,Toronto Raptors,Georgetown,2008,1,17,17,1207
Jarvis Hayes,Washington Wizards,Georgia,2003,1,10,10,1208
Kentavious Caldwell-Pope,Detroit Pistons,Georgia,2013,1,8,8,1208
Rashad Wright,Indiana Pacers,Georgia,2004,2,30,59,1208
Tornike Shengelia,Philadelphia 76ers,Georgia,2012,2,24,54,1208
Travis Leslie,Los Angeles Clippers,Georgia,2011,2,17,47,1208
Trey Thompkins,Los Angeles Clippers,Georgia,2011,2,7,37,1208
RJ Hunter,Boston Celtics,Georgia State,2015,1,28,28,1209
Chris Bosh,Toronto Raptors,Georgia Tech,2003,1,4,4,1210
Derrick Favors,New Jersey Nets,Georgia Tech,2010,1,3,3,1210
Gani Lawal,Phoenix Suns,Georgia Tech,2010,2,16,46,1210
Iman Shumpert,New York Knicks,Georgia Tech,2011,1,17,17,1210
Jarrett Jack,Denver Nuggets,Georgia Tech,2005,1,22,22,1210
Javaris Crittenton,Los Angeles Lakers,Georgia Tech,2007,1,19,19,1210
Thaddeus Young,Philadelphia 76ers,Georgia Tech,2007,1,12,12,1210
Adam Morrison,Charlotte Bobcats,Gonzaga,2006,1,3,3,1211
Austin Daye,Detroit Pistons,Gonzaga,2009,1,15,15,1211
Blake Stepp,Minnesota Timberwolves,Gonzaga,2004,2,29,58,1211
Dan Dickau,Sacramento Kings,Gonzaga,2002,1,28,28,1211
Domantas Sabonis,Oklahoma City Thunder,Gonzaga,2016,1,11,11,1211
Kelly Olynyk,Dallas Mavericks,Gonzaga,2013,1,13,13,1211
Robert Sacre,Los Angeles Lakers,Gonzaga,2012,2,30,60,1211
Ronny Turiaf,Los Angeles Lakers,Gonzaga,2005,2,7,37,1211
Charles Jenkins,Golden State Warriors,Hofstra,2011,2,14,44,1220
Brian Cook,Los Angeles Lakers,Illinois,2003,1,24,24,1228
Dee Brown,Utah Jazz,Illinois,2006,2,16,46,1228
Deron Williams,Utah Jazz,Illinois,2005,1,3,3,1228
Frank Williams,Denver Nuggets,Illinois,2002,1,25,25,1228
James Augustine,Orlando Magic,Illinois,2006,2,11,41,1228
Luther Head,Houston Rockets,Illinois,2005,1,24,24,1228
Meyers Leonard,Portland Trail Blazers,Illinois,2012,1,11,11,1228
Robert Archibald,Memphis Grizzlies,Illinois,2002,2,3,31,1228
Bracey Wright,Minnesota Timberwolves,Indiana,2005,2,17,47,1231
Cody Zeller,Charlotte Bobcats,Indiana,2013,1,4,4,1231
DJ White,Detroit Pistons,Indiana,2008,1,29,29,1231
Eric Gordon,Los Angeles Clippers,Indiana,2008,1,7,7,1231
Jared Jeffries,Washington Wizards,Indiana,2002,1,11,11,1231
Noah Vonleh,Charlotte Hornets,Indiana,2014,1,9,9,1231
Victor Oladipo,Orlando Magic,Indiana,2013,1,2,2,1231
Aaron White,Washington Wizards,Iowa,2015,2,19,49,1234
Adam Haluska,New Orleans Hornets,Iowa,2007,2,13,43,1234
Devyn Marble,Denver Nuggets,Iowa,2014,2,26,56,1234
Abdel Nader,Boston Celtics,Iowa State,2016,2,28,58,1235
Craig Brackins,Oklahoma City Thunder,Iowa State,2010,1,21,21,1235
Georges Niang,Indiana Pacers,Iowa State,2016,2,20,50,1235
Jackson Vroman,Chicago Bulls,Iowa State,2004,2,2,31,1235
Royce White,Houston Rockets,Iowa State,2012,1,16,16,1235
Will Blalock,Detroit Pistons,Iowa State,2006,2,30,60,1235
George Hill,San Antonio Spurs,IUPUI,2008,1,26,26,1237
Andrew Wiggins,Cleveland Cavaliers,Kansas,2014,1,1,1,1242
Ben McLemore,Sacramento Kings,Kansas,2013,1,7,7,1242
Brandon Rush,Portland Trail Blazers,Kansas,2008,1,13,13,1242
Cheick Diallo,LA Clippers,Kansas,2016,2,3,33,1242
Cole Aldrich,New Orleans Hornets,Kansas,2010,1,11,11,1242
Darnell Jackson,Miami Heat,Kansas,2008,2,22,52,1242
Darrell Arthur,New Orleans Hornets,Kansas,2008,1,27,27,1242
Drew Gooden,Memphis Grizzlies,Kansas,2002,1,4,4,1242
Jeff Withey,Portland Trail Blazers,Kansas,2013,2,9,39,1242
Joel Embiid,Philadelphia 76ers,Kansas,2014,1,3,3,1242
Josh Selby,Memphis Grizzlies,Kansas,2011,2,19,49,1242
Julian Wright,New Orleans Hornets,Kansas,2007,1,13,13,1242
Kelly Oubre Jr.,Atlanta Hawks,Kansas,2015,1,15,15,1242
Kirk Hinrich,Chicago Bulls,Kansas,2003,1,7,7,1242
Marcus Morris,Houston Rockets,Kansas,2011,1,14,14,1242
Mario Chalmers,Minnesota Timberwolves,Kansas,2008,2,4,34,1242
Markieff Morris,Phoenix Suns,Kansas,2011,1,13,13,1242
Nick Collison,Seattle SuperSonics,Kansas,2003,1,12,12,1242
Sasha Kaun,Oklahoma City Thunder,Kansas,2008,2,26,56,1242
Thomas Robinson,Sacramento Kings,Kansas,2012,1,5,5,1242
Tyshawn Taylor,Portland Trail Blazers,Kansas,2012,2,11,41,1242
Wayne Simien,Miami Heat,Kansas,2005,1,29,29,1242
Xavier Henry,Memphis Grizzlies,Kansas,2010,1,12,12,1242
Henry Walker,Washington Wizards,Kansas State,2008,2,17,47,1243
Michael Beasley,Miami Heat,Kansas State,2008,1,2,2,1243
Andrew Harrison,Phoenix Suns,Kentucky,2015,2,14,44,1246
Anthony Davis,New Orleans Hornets,Kentucky,2012,1,1,1,1246
Archie Goodwin,Oklahoma City Thunder,Kentucky,2013,1,29,29,1246
Brandon Knight,Detroit Pistons,Kentucky,2011,1,8,8,1246
Dakari Johnson,Oklahoma City Thunder,Kentucky,2015,2,18,48,1246
Daniel Orton,Orlando Magic,Kentucky,2010,1,29,29,1246
Darius Miller,New Orleans Hornets,Kentucky,2012,2,16,46,1246
DeAndre Liggins,Orlando Magic,Kentucky,2011,2,23,53,1246
DeMarcus Cousins,Sacramento Kings,Kentucky,2010,1,5,5,1246
Devin Booker,Phoenix Suns,Kentucky,2015,1,13,13,1246
Doron Lamb,Milwaukee Bucks,Kentucky,2012,2,12,42,1246
Enes Kanter,Utah Jazz,Kentucky,2011,1,3,3,1246
Eric Bledsoe,Oklahoma City Thunder,Kentucky,2010,1,18,18,1246
Jamal Murray,Denver Nuggets,Kentucky,2016,1,7,7,1246
James Young,Boston Celtics,Kentucky,2014,1,17,17,1246
Jodie Meeks,Milwaukee Bucks,Kentucky,2009,2,11,41,1246
Joe Crawford,Los Angeles Lakers,Kentucky,2008,2,28,58,1246
John Wall,Washington Wizards,Kentucky,2010,1,1,1,1246
Josh Harrellson,New Orleans Hornets,Kentucky,2011,2,15,45,1246
Julius Randle,Los Angeles Lakers,Kentucky,2014,1,7,7,1246
Karl-Anthony Towns,Minnesota Timberwolves,Kentucky,2015,1,1,1,1246
Keith Bogans,Milwaukee Bucks,Kentucky,2003,2,14,43,1246
Marquis Teague,Chicago Bulls,Kentucky,2012,1,29,29,1246
Michael Kidd-Gilchrist,Charlotte Bobcats,Kentucky,2012,1,2,2,1246
Nerlens Noel,New Orleans Pelicans,Kentucky,2013,1,6,6,1246
Patrick Patterson,Houston Rockets,Kentucky,2010,1,14,14,1246
Rajon Rondo,Phoenix Suns,Kentucky,2006,1,21,21,1246
Skal Labissiere,Sacramento Kings,Kentucky,2016,1,28,28,1246
Tayshaun Prince,Detroit Pistons,Kentucky,2002,1,23,23,1246
Terrence Jones,Houston Rockets,Kentucky,2012,1,18,18,1246
Trey Lyles,Utah Jazz,Kentucky,2015,1,12,12,1246
Tyler Ulis,Phoenix Suns,Kentucky,2016,2,4,34,1246
Willie Cauley-Stein,Sacramento Kings,Kentucky,2015,1,6,6,1246
Rasual Butler,Miami Heat,La Salle,2002,2,24,52,1247
CJ McCollum,Portland Trail Blazers,Lehigh,2013,1,10,10,1250
James Ennis III,Atlanta Hawks,Long Beach State,2013,2,20,50,1253
Magnum Rolle,Oklahoma City Thunder,Louisiana Tech,2010,2,21,51,1256
Paul Millsap,Utah Jazz,Louisiana Tech,2006,2,17,47,1256
Chinanu Onuaku,Houston Rockets,Louisville,2016,2,7,37,1257
Earl Clark,Phoenix Suns,Louisville,2009,1,14,14,1257
Francisco Garcia,Sacramento Kings,Louisville,2005,1,23,23,1257
Gorgui Dieng,Utah Jazz,Louisville,2013,1,21,21,1257
Montrezl Harrell,Houston Rockets,Louisville,2015,2,2,32,1257
Peyton Siva,Detroit Pistons,Louisville,2013,2,26,56,1257
Reece Gaines,Orlando Magic,Louisville,2003,1,15,15,1257
Russ Smith,Philadelphia 76ers,Louisville,2014,2,17,47,1257
Terrence Williams,New Jersey Nets,Louisville,2009,1,11,11,1257
Terry Rozier,Boston Celtics,Louisville,2015,1,16,16,1257
Anthony Randolph,Golden State Warriors,Louisiana State,2008,1,14,14,1261
Ben Simmons,Philadelphia 76ers,Louisiana State,2016,1,1,1,1261
Brandon Bass,New Orleans/Oklahoma City Hornets,Louisiana State,2005,2,3,33,1261
Glen Davis,Seattle SuperSonics,Louisiana State,2007,2,5,35,1261
Jarell Martin,Memphis Grizzlies,Louisiana State,2015,1,25,25,1261
Johnny O'Bryant III,Milwaukee Bucks,Louisiana State,2014,2,6,36,1261
Jordan Mickey,Boston Celtics,Louisiana State,2015,2,3,33,1261
Justin Hamilton,Philadelphia 76ers,Louisiana State,2012,2,15,45,1261
Marcus Thornton,Miami Heat,Louisiana State,2009,2,13,43,1261
Tyrus Thomas,Portland Trail Blazers,Louisiana State,2006,1,4,4,1261
Luis Flores,Houston Rockets,Manhattan,2004,2,26,55,1264
Jared Jordan,Los Angeles Clippers,Marist,2007,2,15,45,1265
Darius Johnson-Odom,Dallas Mavericks,Marquette,2012,2,25,55,1266
Dwyane Wade,Miami Heat,Marquette,2003,1,5,5,1266
Henry Ellenson,Detroit Pistons,Marquette,2016,1,18,18,1266
Jae Crowder,Cleveland Cavaliers,Marquette,2012,2,4,34,1266
Jimmy Butler,Chicago Bulls,Marquette,2011,1,30,30,1266
Lazar Hayward,Washington Wizards,Marquette,2010,1,30,30,1266
Steve Novak,Houston Rockets,Marquette,2006,2,2,32,1266
Travis Diener,Orlando Magic,Marquette,2005,2,8,38,1266
Hassan Whiteside,Sacramento Kings,Marshall,2010,2,3,33,1267
Tamar Slay,New Jersey Nets,Marshall,2002,2,25,53,1267
Alex Len,Phoenix Suns,Maryland,2013,1,5,5,1268
Chris Wilcox,Los Angeles Clippers,Maryland,2002,1,8,8,1268
Diamond Stone,New Orleans Pelicans,Maryland,2016,2,10,40,1268
DJ Strawberry,Phoenix Suns,Maryland,2007,2,29,59,1268
Greivis Vasquez,Memphis Grizzlies,Maryland,2010,1,28,28,1268
Jake Layman,Orlando Magic,Maryland,2016,2,17,47,1268
James Gist,San Antonio Spurs,Maryland,2008,2,27,57,1268
Jordan Williams,New Jersey Nets,Maryland,2011,2,6,36,1268
Juan Dixon,Washington Wizards,Maryland,2002,1,17,17,1268
Lonny Baxter,Chicago Bulls,Maryland,2002,2,15,43,1268
Steve Blake,Washington Wizards,Maryland,2003,2,9,38,1268
Cady Lalanne,San Antonio Spurs,Massachusetts,2015,2,25,55,1269
Stephane Lasme,Golden State Warriors,Massachusetts,2007,2,16,46,1269
Antonio Burks,Orlando Magic,Memphis,2004,2,7,36,1272
Chris Douglas-Roberts,New Jersey Nets,Memphis,2008,2,10,40,1272
Dajuan Wagner,Cleveland Cavaliers,Memphis,2002,1,6,6,1272
Derrick Rose,Chicago Bulls,Memphis,2008,1,1,1,1272
Elliot Williams,Portland Trail Blazers,Memphis,2010,1,22,22,1272
Joey Dorsey,Portland Trail Blazers,Memphis,2008,2,3,33,1272
Robert Dozier,Miami Heat,Memphis,2009,2,30,60,1272
Rodney Carney,Chicago Bulls,Memphis,2006,1,16,16,1272
Shawne Williams,Indiana Pacers,Memphis,2006,1,17,17,1272
Tyreke Evans,Sacramento Kings,Memphis,2009,1,4,4,1272
Will Barton,Portland Trail Blazers,Memphis,2012,2,10,40,1272
Dwayne Collins,Phoenix Suns,Miami (FL),2010,2,30,60,1274
Guillermo Diaz,Los Angeles Clippers,Miami (FL),2006,2,22,52,1274
Jack McClinton,San Antonio Spurs,Miami (FL),2009,2,21,51,1274
James Jones,Indiana Pacers,Miami (FL),2003,2,20,49,1274
John Salmons,San Antonio Spurs,Miami (FL),2002,1,26,26,1274
Sergei Lishouk,Memphis Grizzlies,Miami (FL),2004,2,20,49,1274
Shane Larkin,Atlanta Hawks,Miami (FL),2013,1,18,18,1274
Bernard Robinson,Charlotte Bobcats,Michigan,2004,2,16,45,1276
Caris LeVert,Indiana Pacers,Michigan,2016,1,20,20,1276
Darius Morris,Los Angeles Lakers,Michigan,2011,2,11,41,1276
Glen Rice,Philadelphia 76ers,Michigan,2013,2,5,35,1276
Glenn Robinson,Minnesota Timberwolves,Michigan,2014,2,10,40,1276
Mitch McGary,Oklahoma City Thunder,Michigan,2014,1,21,21,1276
Nik Stauskas,Sacramento Kings,Michigan,2014,1,8,8,1276
Tim Hardaway Jr.,New York Knicks,Michigan,2013,1,24,24,1276
Trey Burke,Minnesota Timberwolves,Michigan,2013,1,9,9,1276
Adreian Payne,Atlanta Hawks,Michigan State,2014,1,15,15,1277
Branden Dawson,New Orleans Pelicans,Michigan State,2015,2,26,56,1277
Denzel Valentine,Chicago Bulls,Michigan State,2016,1,14,14,1277
Deyonta Davis,Boston Celtics,Michigan State,2016,2,1,31,1277
Draymond Green,Golden State Warriors,Michigan State,2012,2,5,35,1277
Gary Harris,Chicago Bulls,Michigan State,2014,1,19,19,1277
Goran Suton,Utah Jazz,Michigan State,2009,2,20,50,1277
Marcus Taylor,Minnesota Timberwolves,Michigan State,2002,2,23,51,1277
Maurice Ager,Dallas Mavericks,Michigan State,2006,1,28,28,1277
Paul Davis,Los Angeles Clippers,Michigan State,2006,2,4,34,1277
Shannon Brown,Cleveland Cavaliers,Michigan State,2006,1,25,25,1277
Kris Humphries,Utah Jazz,Minnesota,2004,1,14,14,1278
Rick Rickert,Minnesota Timberwolves,Minnesota,2003,2,26,55,1278
Justin Reed,Boston Celtics,Mississippi,2004,2,11,40,1279
Lawrence Roberts,Seattle SuperSonics,Mississippi,2005,2,25,55,1279
Terrico White,Detroit Pistons,Mississippi,2010,2,6,36,1279
Arnett Moultrie,Miami Heat,Mississippi State,2012,1,27,27,1280
Derrick Zimmerman,Golden State Warriors,Mississippi State,2003,2,11,40,1280
Jarvis Varnado,Miami Heat,Mississippi State,2010,2,11,41,1280
Mario Austin,Chicago Bulls,Mississippi State,2003,2,7,36,1280
Alex Oriakhi,Phoenix Suns,Missouri,2013,2,27,57,1281
DeMarre Carroll,Memphis Grizzlies,Missouri,2009,1,27,27,1281
Jordan Clarkson,Washington Wizards,Missouri,2014,2,16,46,1281
Kareem Rush,Toronto Raptors,Missouri,2002,1,20,20,1281
Kim English,Detroit Pistons,Missouri,2012,2,14,44,1281
Linas Kleiza,Portland Trail Blazers,Missouri,2005,1,27,27,1281
Marcus Denmon,San Antonio Spurs,Missouri,2012,2,29,59,1281
Rickey Paulding,Detroit Pistons,Missouri,2004,2,25,54,1281
Kenneth Faried,Denver Nuggets,Morehead State,2011,1,22,22,1287
Ricky Minard,Sacramento Kings,Morehead State,2004,2,19,48,1287
Cameron Payne,Oklahoma City Thunder,Murray State,2015,1,14,14,1293
Isaiah Canaan,Houston Rockets,Murray State,2013,2,4,34,1293
David Young,Seattle SuperSonics,North Carolina Central,2004,2,12,41,1300
Cedric Simmons,New Orleans/Oklahoma City Hornets,North Carolina State,2006,1,15,15,1301
JJ Hickson,Cleveland Cavaliers,North Carolina State,2008,1,19,19,1301
Julius Hodge,Denver Nuggets,North Carolina State,2005,1,20,20,1301
Lorenzo Brown,Minnesota Timberwolves,North Carolina State,2013,2,22,52,1301
TJ Warren,Phoenix Suns,North Carolina State,2014,1,14,14,1301
Armon Johnson,Portland Trail Blazers,Nevada-Reno,2010,2,4,34,1305
JaVale McGee,Washington Wizards,Nevada-Reno,2008,1,18,18,1305
Kirk Snyder,Utah Jazz,Nevada-Reno,2004,1,16,16,1305
Luke Babbitt,Minnesota Timberwolves,Nevada-Reno,2010,1,16,16,1305
Nick Fazekas,Dallas Mavericks,Nevada-Reno,2007,2,4,34,1305
Ramon Sessions,Milwaukee Bucks,Nevada-Reno,2007,2,26,56,1305
Cameron Bairstow,Chicago Bulls,New Mexico,2014,2,19,49,1307
Danny Granger,Indiana Pacers,New Mexico,2005,1,17,17,1307
Darington Hobson,Milwaukee Bucks,New Mexico,2010,2,7,37,1307
J.R. Giddens,Boston Celtics,New Mexico,2008,1,30,30,1307
Tony Snell,Chicago Bulls,New Mexico,2013,1,20,20,1307
Pascal Siakam,Toronto Raptors,New Mexico State,2016,1,27,27,1308
Kyle O'Quinn,Orlando Magic,Norfolk State,2012,2,19,49,1313
Brandan Wright,Charlotte Bobcats,North Carolina,2007,1,8,8,1314
Brice Johnson,LA Clippers,North Carolina,2016,1,25,25,1314
Danny Green,Cleveland Cavaliers,North Carolina,2009,2,16,46,1314
David Noel,Milwaukee Bucks,North Carolina,2006,2,9,39,1314
Ed Davis,Toronto Raptors,North Carolina,2010,1,13,13,1314
Harrison Barnes,Golden State Warriors,North Carolina,2012,1,7,7,1314
John Henson,Milwaukee Bucks,North Carolina,2012,1,14,14,1314
JP Tokoto,Philadelphia 76ers,North Carolina,2015,2,28,58,1314
Kendall Marshall,Phoenix Suns,North Carolina,2012,1,13,13,1314
Marcus Paige,Utah Jazz,North Carolina,2016,2,25,55,1314
Marvin Williams,Atlanta Hawks,North Carolina,2005,1,2,2,1314
Rashad McCants,Minnesota Timberwolves,North Carolina,2005,1,14,14,1314
Raymond Felton,Charlotte Bobcats,North Carolina,2005,1,5,5,1314
Reggie Bullock,Los Angeles Clippers,North Carolina,2013,1,25,25,1314
Reyshawn Terry,Orlando Magic,North Carolina,2007,2,14,44,1314
Sean May,Charlotte Bobcats,North Carolina,2005,1,13,13,1314
Ty Lawson,Minnesota Timberwolves,North Carolina,2009,1,18,18,1314
Tyler Hansbrough,Indiana Pacers,North Carolina,2009,1,13,13,1314
Tyler Zeller,Dallas Mavericks,North Carolina,2012,1,17,17,1314
Wayne Ellington,Minnesota Timberwolves,North Carolina,2009,1,28,28,1314
Jerome Beasley,Miami Heat,North Dakota,2003,2,4,33,1315
Tony Mitchell,Detroit Pistons,North Texas,2013,2,7,37,1317
Demetrius Jackson,Boston Celtics,Notre Dame,2016,2,15,45,1323
Jerian Grant,Washington Wizards,Notre Dame,2015,1,19,19,1323
Luke Harangody,Boston Celtics,Notre Dame,2010,2,22,52,1323
Pat Connaughton,Brooklyn Nets,Notre Dame,2015,2,11,41,1323
Ryan Humphrey,Utah Jazz,Notre Dame,2002,1,19,19,1323
Kay Felder,Atlanta Hawks,Oakland,2016,2,24,54,1324
Keith Benson,Atlanta Hawks,Oakland,2011,2,18,48,1324
Brandon Hunter,Boston Celtics,Ohio,2003,2,27,56,1325
Byron Mullens,Dallas Mavericks,Ohio State,2009,1,24,24,1326
Daequan Cook,Philadelphia 76ers,Ohio State,2007,1,21,21,1326
D'Angelo Russell,Los Angeles Lakers,Ohio State,2015,1,2,2,1326
Deshaun Thomas,San Antonio Spurs,Ohio State,2013,2,28,58,1326
Evan Turner,Philadelphia 76ers,Ohio State,2010,1,2,2,1326
Greg Oden,Portland Trail Blazers,Ohio State,2007,1,1,1,1326
Jared Sullinger,Boston Celtics,Ohio State,2012,1,21,21,1326
Jon Diebler,Portland Trail Blazers,Ohio State,2011,2,21,51,1326
Kosta Koufos,Utah Jazz,Ohio State,2008,1,23,23,1326
Mike Conley,Memphis Grizzlies,Ohio State,2007,1,4,4,1326
Blake Griffin,Los Angeles Clippers,Oklahoma,2009,1,1,1,1328
Buddy Hield,New Orleans Pelicans,Oklahoma,2016,1,6,6,1328
Isaiah Cousins,Sacramento Kings,Oklahoma,2016,2,29,59,1328
Romero Osby,Orlando Magic,Oklahoma,2013,2,21,51,1328
Taylor Griffin,Phoenix Suns,Oklahoma,2009,2,18,48,1328
Tiny Gallon,Milwaukee Bucks,Oklahoma,2010,2,17,47,1328
Willie Warren,Los Angeles Clippers,Oklahoma,2010,2,24,54,1328
James Anderson,San Antonio Spurs,Oklahoma State,2010,1,20,20,1329
JamesOn Curry,Chicago Bulls,Oklahoma State,2007,2,21,51,1329
Joey Graham,Toronto Raptors,Oklahoma State,2005,1,16,16,1329
Marcus Smart,Boston Celtics,Oklahoma State,2014,1,6,6,1329
Markel Brown,Minnesota Timberwolves,Oklahoma State,2014,2,14,44,1329
Tony Allen,Boston Celtics,Oklahoma State,2004,1,25,25,1329
Aaron Brooks,Houston Rockets,Oregon,2007,1,26,26,1332
Arsalan Kazemi,Washington Wizards,Oregon,2013,2,24,54,1332
Fred Jones,Indiana Pacers,Oregon,2002,1,14,14,1332
Joe Young,Indiana Pacers,Oregon,2015,2,13,43,1332
Luke Jackson,Cleveland Cavaliers,Oregon,2004,1,10,10,1332
Luke Ridnour,Seattle SuperSonics,Oregon,2003,1,14,14,1332
Maarty Leunen,Houston Rockets,Oregon,2008,2,24,54,1332
Malik Hairston,Phoenix Suns,Oregon,2008,2,18,48,1332
Jared Cunningham,Cleveland Cavaliers,Oregon State,2012,1,24,24,1333
Alex Acker,Detroit Pistons,Pepperdine,2005,2,30,60,1337
Aaron Gray,Chicago Bulls,Pittsburgh,2007,2,19,49,1338
Chris Taft,Golden State Warriors,Pittsburgh,2005,2,12,42,1338
DeJuan Blair,San Antonio Spurs,Pittsburgh,2009,2,7,37,1338
Lamar Patterson,Milwaukee Bucks,Pittsburgh,2014,2,18,48,1338
Sam Young,Memphis Grizzlies,Pittsburgh,2009,2,6,36,1338
Steven Adams,Oklahoma City Thunder,Pittsburgh,2013,1,12,12,1338
Ben Bentil,Boston Celtics,Providence,2016,2,21,51,1344
Herbert Hill,Utah Jazz,Providence,2007,2,25,55,1344
Kris Dunn,Minnesota Timberwolves,Providence,2016,1,5,5,1344
Marcus Douthit,Los Angeles Lakers,Providence,2004,2,27,56,1344
MarShon Brooks,Boston Celtics,Providence,2011,1,25,25,1344
Ricky Ledo,Milwaukee Bucks,Providence,2013,2,13,43,1344
Ryan Gomes,Boston Celtics,Providence,2005,2,20,50,1344
AJ Hammons,Dallas Mavericks,Purdue,2016,2,16,46,1345
Carl Landry,Seattle SuperSonics,Purdue,2007,2,1,31,1345
E'Twaun Moore,Boston Celtics,Purdue,2011,2,25,55,1345
JaJuan Johnson,New Jersey Nets,Purdue,2011,1,27,27,1345
Robbie Hummel,Minnesota Timberwolves,Purdue,2012,2,28,58,1345
Morris Almond,Utah Jazz,Rice,2007,1,25,25,1349
Justin Harper,Cleveland Cavaliers,Richmond,2011,2,2,32,1350
Jason Thompson,Sacramento Kings,Rider,2008,1,12,12,1351
Hamady Ndiaye,Minnesota Timberwolves,Rutgers,2010,2,26,56,1353
Quincy Douby,Sacramento Kings,Rutgers,2006,1,19,19,1353
Nate Wolters,Washington Wizards,South Dakota State,2013,2,8,38,1355
Donta Smith,Atlanta Hawks,Southeastern Illinois,2004,2,5,34,1356
Jamaal Franklin,Memphis Grizzlies,San Diego State,2013,2,11,41,1361
Kawhi Leonard,Indiana Pacers,San Diego State,2011,1,15,15,1361
Randy Holcomb,San Antonio Spurs,San Diego State,2002,2,28,56,1361
Xavier Thames,Toronto Raptors,San Diego State,2014,2,29,59,1361
Orlando Johnson,Sacramento Kings,California-Santa Barbara,2012,2,6,36,1364
Isaiah Whitehead,Brooklyn Nets,Seton Hall,2016,2,12,42,1371
Renaldo Balkman,New York Knicks,South Carolina,2006,1,20,20,1376
Dominique Jones,Memphis Grizzlies,South Florida,2010,1,25,25,1378
Solomon Jones,Atlanta Hawks,South Florida,2006,2,3,33,1378
Andrew Nicholson,Orlando Magic,St. Bonaventure,2012,1,19,19,1382
Maurice Harkless,Philadelphia 76ers,St. John's (NY),2012,1,15,15,1385
Sir'Dominic Pointer,Cleveland Cavaliers,St. John's (NY),2015,2,23,53,1385
Ahmad Nivins,Dallas Mavericks,Saint Joseph's,2009,2,26,56,1386
DeAndre' Bembry,Atlanta Hawks,Saint Joseph's,2016,1,21,21,1386
Delonte West,Boston Celtics,Saint Joseph's,2004,1,24,24,1386
Jameer Nelson,Denver Nuggets,Saint Joseph's,2004,1,20,20,1386
Patty Mills,Portland Trail Blazers,St. Mary's (CA),2009,2,25,55,1388
Anthony Brown,Los Angeles Lakers,Stanford,2015,2,4,34,1390
Brook Lopez,New Jersey Nets,Stanford,2008,1,10,10,1390
Casey Jacobsen,Phoenix Suns,Stanford,2002,1,22,22,1390
Curtis Borchardt,Orlando Magic,Stanford,2002,1,18,18,1390
Dwight Powell,Charlotte Hornets,Stanford,2014,2,15,45,1390
Josh Childress,Atlanta Hawks,Stanford,2004,1,6,6,1390
Josh Huestis,Oklahoma City Thunder,Stanford,2014,1,29,29,1390
Landry Fields,New York Knicks,Stanford,2010,2,9,39,1390
Robin Lopez,Phoenix Suns,Stanford,2008,1,15,15,1390
Andy Rautins,New York Knicks,Syracuse,2010,2,8,38,1393
Carmelo Anthony,Denver Nuggets,Syracuse,2003,1,3,3,1393
Chris McCullough,Brooklyn Nets,Syracuse,2015,1,29,29,1393
Demetris Nichols,Portland Trail Blazers,Syracuse,2007,2,23,53,1393
Dion Waiters,Cleveland Cavaliers,Syracuse,2012,1,4,4,1393
Donte Greene,Memphis Grizzlies,Syracuse,2008,1,28,28,1393
Fab Melo,Boston Celtics,Syracuse,2012,1,22,22,1393
Hakim Warrick,Memphis Grizzlies,Syracuse,2005,1,19,19,1393
Jerami Grant,Philadelphia 76ers,Syracuse,2014,2,9,39,1393
Jonny Flynn,Minnesota Timberwolves,Syracuse,2009,1,6,6,1393
Kris Joseph,Boston Celtics,Syracuse,2012,2,21,51,1393
Malachi Richardson,Charlotte Hornets,Syracuse,2016,1,22,22,1393
Michael Carter-Williams,Philadelphia 76ers,Syracuse,2013,1,11,11,1393
Michael Gbinije,Detroit Pistons,Syracuse,2016,2,19,49,1393
Rakeem Christmas,Minnesota Timberwolves,Syracuse,2015,2,6,36,1393
Tyler Ennis,Phoenix Suns,Syracuse,2014,1,18,18,1393
Wesley Johnson,Minnesota Timberwolves,Syracuse,2010,1,4,4,1393
Lavoy Allen,Philadelphia 76ers,Temple,2011,2,20,50,1396
Mardy Collins,New York Knicks,Temple,2006,1,29,29,1396
Jarnell Stokes,Utah Jazz,Tennessee,2014,2,5,35,1397
Jordan McRae,San Antonio Spurs,Tennessee,2014,2,28,58,1397
Josh Richardson,Miami Heat,Tennessee,2015,2,10,40,1397
Marcus Haislip,Milwaukee Bucks,Tennessee,2002,1,13,13,1397
Tobias Harris,Charlotte Bobcats,Tennessee,2011,1,19,19,1397
Vincent Yarbrough,Denver Nuggets,Tennessee,2002,2,4,32,1397
Kevin Murphy,Utah Jazz,Tennessee Tech,2012,2,17,47,1399
Avery Bradley,Boston Celtics,Texas,2010,1,19,19,1400
Chris Owens,Milwaukee Bucks,Texas,2002,2,19,47,1400
Cory Joseph,San Antonio Spurs,Texas,2011,1,29,29,1400
D.J. Augustin,Charlotte Bobcats,Texas,2008,1,9,9,1400
Damion James,Atlanta Hawks,Texas,2010,1,24,24,1400
Daniel Gibson,Cleveland Cavaliers,Texas,2006,2,12,42,1400
Dexter Pittman,Miami Heat,Texas,2010,2,2,32,1400
Jordan Hamilton,Dallas Mavericks,Texas,2011,1,26,26,1400
Kevin Durant,Seattle SuperSonics,Texas,2007,1,2,2,1400
LaMarcus Aldridge,Chicago Bulls,Texas,2006,1,2,2,1400
Myles Turner,Indiana Pacers,Texas,2015,1,11,11,1400
PJ Tucker,Toronto Raptors,Texas,2006,2,5,35,1400
T.J. Ford,Milwaukee Bucks,Texas,2003,1,8,8,1400
Tristan Thompson,Cleveland Cavaliers,Texas,2011,1,4,4,1400
Acie Law,Atlanta Hawks,Texas A&M,2007,1,11,11,1401
Antoine Wright,New Jersey Nets,Texas A&M,2005,1,15,15,1401
Chinemelu Elonu,Los Angeles Lakers,Texas A&M,2009,2,29,59,1401
DeAndre Jordan,Los Angeles Clippers,Texas A&M,2008,2,5,35,1401
Khris Middleton,Detroit Pistons,Texas A&M,2012,2,9,39,1401
Andre Emmett,Seattle SuperSonics,Texas Tech,2004,2,6,35,1403
Lester Hudson,Boston Celtics,Tennessee-Martin,2009,2,28,58,1404
Jerome Jordan,Milwaukee Bucks,Tulsa,2010,2,14,44,1409
Robert Vaden,Charlotte Bobcats,Alabama-Birmingham,2009,2,24,54,1412
Walter Sharpe,Oklahoma City Thunder,Alabama-Birmingham,2008,2,2,32,1412
Jermaine Taylor,Washington Wizards,Central Florida,2009,2,2,32,1416
Arron Afflalo,Detroit Pistons,California-Los Angeles,2007,1,27,27,1417
Dan Gadzuric,Milwaukee Bucks,California-Los Angeles,2002,2,5,33,1417
Darren Collison,New Orleans Hornets,California-Los Angeles,2009,1,21,21,1417
Dijon Thompson,New York Knicks,California-Los Angeles,2005,2,24,54,1417
Jason Kapono,Cleveland Cavaliers,California-Los Angeles,2003,2,2,31,1417
Jordan Adams,Memphis Grizzlies,California-Los Angeles,2014,1,22,22,1417
Jordan Farmar,Los Angeles Lakers,California-Los Angeles,2006,1,26,26,1417
Jrue Holiday,Philadelphia 76ers,California-Los Angeles,2009,1,17,17,1417
Kevin Love,Memphis Grizzlies,California-Los Angeles,2008,1,5,5,1417
Kevon Looney,Golden State Warriors,California-Los Angeles,2015,1,30,30,1417
Kyle Anderson,San Antonio Spurs,California-Los Angeles,2014,1,30,30,1417
Luc Mbah a Moute,Milwaukee Bucks,California-Los Angeles,2008,2,7,37,1417
Malcolm Lee,Chicago Bulls,California-Los Angeles,2011,2,13,43,1417
Matt Barnes,Memphis Grizzlies,California-Los Angeles,2002,2,17,45,1417
Norman Powell,Milwaukee Bucks,California-Los Angeles,2015,2,16,46,1417
Russell Westbrook,Oklahoma City Thunder,California-Los Angeles,2008,1,4,4,1417
Ryan Hollins,Charlotte Bobcats,California-Los Angeles,2006,2,20,50,1417
Shabazz Muhammad,Utah Jazz,California-Los Angeles,2013,1,14,14,1417
Trevor Ariza,New York Knicks,California-Los Angeles,2004,2,14,43,1417
Tyler Honeycutt,Sacramento Kings,California-Los Angeles,2011,2,5,35,1417
Zach LaVine,Minnesota Timberwolves,California-Los Angeles,2014,1,13,13,1417
Elfrid Payton,Philadelphia 76ers,Louisiana-Lafayette,2014,1,10,10,1418
Orien Greene,Boston Celtics,Louisiana-Lafayette,2005,2,23,53,1418
Anthony Bennett,Cleveland Cavaliers,Nevada-Las Vegas,2013,1,1,1,1424
Marcus Banks,Memphis Grizzlies,Nevada-Las Vegas,2003,1,13,13,1424
Patrick McCaw,Golden State Warriors,Nevada-Las Vegas,2016,2,8,38,1424
Rashad Vaughn,Milwaukee Bucks,Nevada-Las Vegas,2015,1,17,17,1424
Stephen Zimmerman,Orlando Magic,Nevada-Las Vegas,2016,2,11,41,1424
DeMar DeRozan,Toronto Raptors,Southern California,2009,1,9,9,1425
Gabe Pruitt,Boston Celtics,Southern California,2007,2,2,32,1425
Nick Young,Washington Wizards,Southern California,2007,1,16,16,1425
Nikola Vucevic,Philadelphia 76ers,Southern California,2011,1,16,16,1425
O.J. Mayo,Minnesota Timberwolves,Southern California,2008,1,3,3,1425
Sam Clancy,Philadelphia 76ers,Southern California,2002,2,16,44,1425
Taj Gibson,Chicago Bulls,Southern California,2009,1,26,26,1425
Andrew Bogut,Milwaukee Bucks,Utah,2005,1,1,1,1428
Delon Wright,Toronto Raptors,Utah,2015,1,20,20,1428
Jakob Poeltl,Toronto Raptors,Utah,2016,1,9,9,1428
Derrick Caracter,Los Angeles Lakers,Texas-El Paso,2010,2,28,58,1431
Eric Maynor,Utah Jazz,Virginia Commonwealth,2009,1,20,20,1433
Larry Sanders,Milwaukee Bucks,Virginia Commonwealth,2010,1,15,15,1433
Damian Jones,Golden State Warriors,Vanderbilt,2016,1,30,30,1435
Derrick Byars,Portland Trail Blazers,Vanderbilt,2007,2,12,42,1435
Festus Ezeli,Golden State Warriors,Vanderbilt,2012,1,30,30,1435
Jeff Taylor,Charlotte Bobcats,Vanderbilt,2012,2,1,31,1435
John Jenkins,Atlanta Hawks,Vanderbilt,2012,1,23,23,1435
Matt Freije,Miami Heat,Vanderbilt,2004,2,24,53,1435
Shan Foster,Dallas Mavericks,Vanderbilt,2008,2,21,51,1435
Wade Baldwin IV,Memphis Grizzlies,Vanderbilt,2016,1,17,17,1435
Dante Cunningham,Portland Trail Blazers,Villanova,2009,2,3,33,1437
Darrun Hilliard,Detroit Pistons,Villanova,2015,2,8,38,1437
Kyle Lowry,Memphis Grizzlies,Villanova,2006,1,24,24,1437
Randy Foye,Boston Celtics,Villanova,2006,1,7,7,1437
Joe Harris,Cleveland Cavaliers,Virginia,2014,2,3,33,1438
Justin Anderson,Dallas Mavericks,Virginia,2015,1,21,21,1438
Malcolm Brogdon,Milwaukee Bucks,Virginia,2016,2,6,36,1438
Mike Scott,Atlanta Hawks,Virginia,2012,2,13,43,1438
Roger Mason Jr.,Chicago Bulls,Virginia,2002,2,2,30,1438
Sean Singletary,Sacramento Kings,Virginia,2008,2,12,42,1438
Deron Washington,Detroit Pistons,Virginia Tech,2008,2,29,59,1439
Erick Green,Utah Jazz,Virginia Tech,2013,2,16,46,1439
Kevin Martin,Sacramento Kings,Western Carolina,2004,1,26,26,1441
Courtney Lee,Orlando Magic,Western Kentucky,2008,1,22,22,1443
Jeremy Evans,Utah Jazz,Western Kentucky,2010,2,25,55,1443
Al-Farouq Aminu,Los Angeles Clippers,Wake Forest,2010,1,8,8,1448
Chris Paul,New Orleans/Oklahoma City Hornets,Wake Forest,2005,1,4,4,1448
Darius Songaila,Boston Celtics,Wake Forest,2002,2,21,49,1448
James Johnson,Chicago Bulls,Wake Forest,2009,1,16,16,1448
Jeff Teague,Atlanta Hawks,Wake Forest,2009,1,19,19,1448
Josh Howard,Dallas Mavericks,Wake Forest,2003,1,29,29,1448
Bobby Jones,Minnesota Timberwolves,Washington,2006,2,7,37,1449
Brandon Roy,Minnesota Timberwolves,Washington,2006,1,6,6,1449
CJ Wilcox,Los Angeles Clippers,Washington,2014,1,28,28,1449
Dejounte Murray,San Antonio Spurs,Washington,2016,1,29,29,1449
Isaiah Thomas,Sacramento Kings,Washington,2011,2,30,60,1449
Jon Brockman,Portland Trail Blazers,Washington,2009,2,8,38,1449
Marquese Chriss,Phoenix Suns,Washington,2016,1,8,8,1449
Nate Robinson,Phoenix Suns,Washington,2005,1,21,21,1449
Quincy Pondexter,Oklahoma City Thunder,Washington,2010,1,26,26,1449
Spencer Hawes,Sacramento Kings,Washington,2007,1,10,10,1449
Terrence Ross,Toronto Raptors,Washington,2012,1,8,8,1449
Tony Wroten,Memphis Grizzlies,Washington,2012,1,25,25,1449
Klay Thompson,Golden State Warriors,Washington State,2011,1,11,11,1450
Kyle Weaver,Charlotte Bobcats,Washington State,2008,2,8,38,1450
Damian Lillard,Portland Trail Blazers,Weber State,2012,1,6,6,1451
Joel Bolomboy,Utah Jazz,Weber State,2016,2,22,52,1451
Da'Sean Butler,Miami Heat,West Virginia,2010,2,12,42,1452
Devin Ebanks,Los Angeles Lakers,West Virginia,2010,2,13,43,1452
Joe Alexander,Milwaukee Bucks,West Virginia,2008,1,8,8,1452
Alec Brown,Phoenix Suns,Wisconsin-Green Bay,2014,2,20,50,1453
Cleanthony Early,New York Knicks,Wichita State,2014,2,4,34,1455
Marcus Thornton,Boston Celtics,William & Mary,2015,2,15,45,1456
Alando Tucker,Phoenix Suns,Wisconsin,2007,1,29,29,1458
Devin Harris,Washington Wizards,Wisconsin,2004,1,5,5,1458
Frank Kaminsky,Charlotte Hornets,Wisconsin,2015,1,9,9,1458
Jon Leuer,Milwaukee Bucks,Wisconsin,2011,2,10,40,1458
Sam Dekker,Houston Rockets,Wisconsin,2015,1,18,18,1458
Larry Nance Jr.,Los Angeles Lakers,Wyoming,2015,1,27,27,1461
David West,New Orleans Hornets,Xavier,2003,1,18,18,1462
Derrick Brown,Charlotte Bobcats,Xavier,2009,2,10,40,1462
Jordan Crawford,New Jersey Nets,Xavier,2010,1,27,27,1462
Lionel Chalmers,Los Angeles Clippers,Xavier,2004,2,4,33,1462
Romain Sato,San Antonio Spurs,Xavier,2004,2,23,52,1462
Semaj Christon,Miami Heat,Xavier,2014,2,25,55,1462
Adam Hanga,San Antonio Spurs,Alba Fehervar (Hungary),2011,2,29,59,
Al Jefferson,Boston Celtics,Prentiss,2004,1,15,15,
Albert Miralles,Toronto Raptors,Roseto Sharks (Italy),2004,2,10,39,
Alessandro Gentile,Minnesota Timberwolves,Olimpia Milano (Italy),2014,2,23,53,
Alex Abrines,Oklahoma City Thunder,FC Barcelona Basquet (Spain),2013,2,2,32,
Alexis Ajinca,Charlotte Bobcats,Hyeres-Toulon Var Basket (France),2008,1,20,20,
Amar'e Stoudemire,Phoenix Suns,Cypress Creek,2002,1,9,9,
Amir Johnson,Detroit Pistons,Westchester,2005,2,26,56,
Anderson Varejao,Orlando Magic,FC Barcelona Basquet (Spain),2004,2,1,30,
Andray Blatche,Washington Wizards,South Kent School,2005,2,19,49,
Andrea Bargnani,Toronto Raptors,Universo Treviso Basket (Italy),2006,1,1,1,
Andreas Glyniadakis,Detroit Pistons,A.E.K. Athens B.C. (Greece),2003,2,29,58,
Andrew Bynum,Los Angeles Lakers,Saint Joseph,2005,1,10,10,
Andris Biedrins,Golden State Warriors,BK Skonto (Latvia),2004,1,11,11,
Ante Zizic,Boston Celtics,KK Cibona (Croatia),2016,1,23,23,
Arturas Gudaitis,Philadelphia 76ers,BC Zalgiris (Lithuania),2015,2,17,47,
Ater Majok,Los Angeles Lakers,Gold Coast Blaze (Australia),2011,2,28,58,
Axel Hervelle,Denver Nuggets,Real Madrid Baloncesto (Spain),2005,2,22,52,
Beno Udrih,San Antonio Spurs,Olimpia Milano (Italy),2004,1,28,28,
Bismack Biyombo,Sacramento Kings,Baloncesto Fuenlabrada (Spain),2011,1,7,7,
Bogdan Bogdanovic,Phoenix Suns,KK Partizan (Serbia),2014,1,27,27,
Bojan Bogdanovic,Miami Heat,KK Partizan (Serbia),2011,2,1,31,
Bojan Dubljevic,Minnesota Timberwolves,Valencia BC (Spain),2013,2,29,59,
Boris Diaw,Atlanta Hawks,Elan Bearnais Pau-Orthez (France),2003,1,21,21,
Bostjan Nachbar,Houston Rockets,Universo Treviso Basket (Italy),2002,1,15,15,
Brad Newley,Houston Rockets,Townsville Crocodiles (Australia),2007,2,24,54,
Brandon Jennings,Milwaukee Bucks,Pallacanestro Virtus Roma (Italy),2009,1,10,10,
Bruno Caboclo,Toronto Raptors,Esporte Clube Pinheiros (Brazil),2014,1,20,20,
Carlos Delfino,Detroit Pistons,Fortitudo Pallacanestro Bologna (Italy),2003,1,25,25,
Cedi Osman,Minnesota Timberwolves,Anadolu Efes S.K. (Turkey),2015,2,1,31,
Cenk Akyol,Atlanta Hawks,Anadolu Efes S.K. (Turkey),2005,2,29,59,
Cheikh Samb,Los Angeles Lakers,CB Cornella (Spain),2006,2,21,51,
Christian Drejer,New Jersey Nets,FC Barcelona Basquet (Spain),2004,2,22,51,
Christian Eyenga,Cleveland Cavaliers,CB Prat (Spain),2009,1,30,30,
Chukwudiebere Maduabum,Los Angeles Lakers,Bakersfield Jam (D-League),2011,2,26,56,
CJ Miles,Utah Jazz,Skyline,2005,2,4,34,
Clint Capela,Houston Rockets,Elan Chalon (France),2014,1,25,25,
Damien Inglis,Milwaukee Bucks,Chorale Roanne Basket (France),2014,2,1,31,
Damir Markota,San Antonio Spurs,KK Cibona (Croatia),2006,2,29,59,
Daniel Diez,Utah Jazz,San Sebastian Gipuzkoa BC (Spain),2015,2,24,54,
Danilo Gallinari,New York Knicks,Olimpia Milano (Italy),2008,1,6,6,
Dante Exum,Utah Jazz,Australian Institute of Sport (Australia),2014,1,5,5,
Dario Saric,Orlando Magic,KK Cibona (Croatia),2014,1,12,12,
Darko Milicic,Detroit Pistons,KK Vrsac (Serbia),2003,1,2,2,
David Andersen,Atlanta Hawks,Virtus Pallacanestro Bologna (Italy),2002,2,8,36,
David Michineau,New Orleans Pelicans,Elan Chalon (France),2016,2,9,39,
Davis Bertans,Indiana Pacers,KK Olimpija (Slovenia),2011,2,12,42,
Dennis Schroder,Atlanta Hawks,Basketball Lowen Braunschweig (Germany),2013,1,17,17,
Dimitrios Agravanis,Atlanta Hawks,Olympiacos B.C. (Greece),2015,2,29,59,
Donatas Motiejunas,Minnesota Timberwolves,Universo Treviso Basket (Italy),2011,1,20,20,
Dorell Wright,Miami Heat,South Kent School,2004,1,19,19,
Dragan Bender,Phoenix Suns,Maccabi Tel Aviv B.C. (Israel),2016,1,4,4,
Dwight Howard,Orlando Magic,Southwest Atlanta Christian Academy,2004,1,1,1,
Edin Bavcic,Toronto Raptors,KK Bosna Royal (Bosnia and Herzegovina),2006,2,26,56,
Edy Tavares,Atlanta Hawks,CB Gran Canaria (Spain),2014,2,13,43,
Ejike Ugboaja,Cleveland Cavaliers,Union Bank Lagos B.C. (Nigeria),2006,2,25,55,
Emir Preldzic,Phoenix Suns,Fenerbahce S.K. (Turkey),2009,2,27,57,
Emmanuel Mudiay,Denver Nuggets,Guangdong Southern Tigers (China),2015,1,7,7,
Ersan Ilyasova,Milwaukee Bucks,Ulkerspor (Turkey),2005,2,6,36,
Evan Fournier,Denver Nuggets,Poitiers Basket 86 (France),2012,1,20,20,
Ezarem Lorbek,Indiana Pacers,Fortitudo Pallacanestro Bologna (Italy),2005,2,16,46,
Federico Kammerichs,Portland Trail Blazers,Club Ourense Baloncesto (Spain),2002,2,22,50,
Fran Vazquez,Orlando Magic,Baloncesto Malaga (Spain),2005,1,11,11,
Furkan Aldemir,Los Angeles Clippers,Galatasaray S.K. (Turkey),2012,2,23,53,
Furkan Korkmaz,Philadelphia 76ers,Anadolu Efes S.K. (Turkey),2016,1,26,26,
Georgios Papagiannis,Sacramento Kings,Panathinaikos B.C. (Greece),2016,1,13,13,
Gerald Green,Boston Celtics,Gulf Shores Academy,2005,1,18,18,
Giannis Antetokounmpo,Milwaukee Bucks,Basket Zaragoza 2002 (Spain),2013,1,15,15,
Giorgos Printezis,San Antonio Spurs,Olympiacos B.C. (Greece),2007,2,28,58,
Goran Dragic,San Antonio Spurs,KK Olimpija (Slovenia),2008,2,15,45,
Guerschon Yabusele,Boston Celtics,SPO Rouen Basket,2016,1,16,16,
Ha Seung-Jin,Portland Trail Blazers,Yonsei (KOR),2004,2,17,46,
Henk Norel,Minnesota Timberwolves,Joventut Badalona (Spain),2009,2,17,47,
Henry Walker,Utah Jazz,KK Zagreb (Croatia),2008,2,14,44,
Ian Mahinmi,San Antonio Spurs,STB Le Havre (France),2005,1,28,28,
Ilkan Karaman,Brooklyn Nets,Pinar Karsiyaka (Turkey),2012,2,27,57,
Isaia Cordinier,Atlanta Hawks,Denain ASC Voltaire,2016,2,14,44,
Ivica Zubac,Los Angeles Lakers,KK Mega Vizura,2016,2,2,32,
Izzet Turkyilmaz,Denver Nuggets,Banvit B.K. (Turkey),2012,2,20,50,
James Lang,New Orleans Hornets,Central Park Christian,2003,2,19,48,
Jan Vesely,Washington Wizards,KK Partizan (Serbia),2011,1,6,6,
Janis Timma,Memphis Grizzlies,BK Ventspils (Latvia),2013,2,30,60,
Jeremy Tyler,Charlotte Bobcats,Tokyo Apache (Japan),2011,2,9,39,
Jiri Welsch,Philadelphia 76ers,KK Olimpija (Slovenia),2002,1,16,16,
Joel Freeland,Portland Trail Blazers,CB Gran Canaria (Spain),2006,1,30,30,
Joffrey Lauvergne,Memphis Grizzlies,KK Partizan (Serbia),2013,2,25,55,
Johan Petro,Seattle SuperSonics,Elan Bearnais Pau-Orthez (France),2005,1,25,25,
Jonas Jerebko,Detroit Pistons,Pallacanestro Biella (Italy),2009,2,9,39,
Jonas Valanciunas,Toronto Raptors,BC Lietuvos rytas (Lithuania),2011,1,5,5,
Josh Smith,Atlanta Hawks,Oak Hill Academy,2004,1,17,17,
JR Smith,New Orleans Hornets,Saint Benedict's Preparatory School,2004,1,18,18,
Juan Carlos Navarro,Washington Wizards,FC Barcelona Basquet (Spain),2002,2,11,39,
Juan Hernangomez,Denver Nuggets,Movistar Estudiantes,2016,1,15,15,
Juan Pablo Vaulet,Charlotte Hornets,Bahia Basket (Argentina),2015,2,9,39,
Jusuf Nurkic,Chicago Bulls,KK Cedevita (Croatia),2014,1,16,16,
Kendrick Perkins,Memphis Grizzlies,Clifton J. Ozen,2003,1,27,27,
Kevin Seraphin,Chicago Bulls,Cholet Basket (France),2010,1,17,17,
Kosta Perovic,Golden State Warriors,KK Partizan (Serbia),2006,2,8,38,
Kostas Papanikolaou,New York Knicks,Olympiacos B.C. (Greece),2012,2,18,48,
Kristaps Porzingis,New York Knicks,CB Sevilla (Spain),2015,1,4,4,
Kyrylo Fesenko,Philadelphia 76ers,Cherkaski Mavpy (Ukraine),2007,2,8,38,
Latavious Williams,Miami Heat,Tulsa 66ers (D-League),2010,2,18,48,
Leandro Barbosa,San Antonio Spurs,Associacao Bauru Basketball Team (Brazil),2003,1,28,28,
LeBron James,Cleveland Cavaliers,Saint Vincent-Saint Mary,2003,1,1,1,
Lior Eliyahu,Orlando Magic,Hapoel Galil Elyon (Israel),2006,2,14,44,
Livio Jean-Charles,San Antonio Spurs,ASVEL Basket (France),2013,1,28,28,
Lou Williams,Philadelphia 76ers,South Gwinnett,2005,2,15,45,
Louis Labeyrie,Indiana Pacers,Paris-Levallois Basket (France),2014,2,27,57,
Loukas Mavrokefalidis,Minnesota Timberwolves,P.A.O.K. B.C. (Greece),2006,2,27,57,
Lucas Nogueira,Boston Celtics,CB Estudiantes (Spain),2013,1,16,16,
Luis Scola,San Antonio Spurs,Saski Baskonia (Spain),2002,2,27,55,
Luka Mitrovic,Philadelphia 76ers,Red Star Belgrade (Serbia),2015,2,30,60,
Maciej Lampe,New York Knicks,Madrid (ESP),2003,2,1,30,
Malick Badiane,Houston Rockets,TV Langen (Germany),2003,2,15,44,
Marc Gasol,Los Angeles Lakers,CB Sant Josep (Spain),2007,2,18,48,
Marcin Gortat,Phoenix Suns,Koln 99ers (Germany),2005,2,27,57,
Marco Belinelli,Golden State Warriors,Fortitudo Pallacanestro Bologna (Italy),2007,1,18,18,
Marcus Eriksson,Atlanta Hawks,FC Barcelona Basquet (Spain),2015,2,20,50,
Marcus Vinicius,New Orleans/Oklahoma City Hornets,Objetivo Sao Carlos (Brazil),2006,2,13,43,
Mario Hezonja,Orlando Magic,FC Barcelona Basquet (Spain),2015,1,5,5,
Mario Kasun,Los Angeles Clippers,Skyliners Frankfurt (Germany),2002,2,12,40,
Marko Todorovic,Portland Trail Blazers,FC Barcelona Basquet (Spain),2013,2,15,45,
Martell Webster,Portland Trail Blazers,Seattle Preparatory School,2005,1,6,6,
Martynas Andriuskevicius,Orlando Magic,BC Zalgiris (Lithuania),2005,2,14,44,
Mickael Gelabale,Seattle SuperSonics,Real Madrid Baloncesto (Spain),2005,2,18,48,
Mickael Pietrus,Golden State Warriors,Elan Bearnais Pau-Orthez (France),2003,1,11,11,
Mike Taylor,Portland Trail Blazers,Idaho Stampede (D-League),2008,2,25,55,
Milan Macvan,Cleveland Cavaliers,Maccabi Tel Aviv B.C. (Israel),2011,2,24,54,
Mile Ilic,New Jersey Nets,KK FMP (Serbia),2005,2,13,43,
Milos Vujanic,New York Knicks,KK Partizan (Serbia),2002,2,7,35,
Milovan Rakovic,Dallas Mavericks,KK Mega Leks (Serbia),2007,2,30,60,
Mladen Sekularac,Dallas Mavericks,KK FMP (Serbia),2002,2,26,54,
Monta Ellis,Golden State Warriors,Lanier,2005,2,10,40,
Mouhamed Sene,Seattle SuperSonics,VOO Wolves Verviers-Pepinster (Belgium),2006,1,10,10,
Nando De Colo,San Antonio Spurs,Cholet Basket (France),2009,2,23,53,
Nathan Jawai,Indiana Pacers,Cairns Taipans (Australia),2008,2,11,41,
Ndudi Ebi,Minnesota Timberwolves,Westbury Christian School,2003,1,26,26,
Nedzad Sinanovic,Portland Trail Blazers,HKK Brotnjo (Bosnia and Herzegovina),2003,2,25,54,
Nemanja Bjelica,Washington Wizards,KK Crvena zvezda (Serbia),2010,2,5,35,
Nemanja Dangubic,Philadelphia 76ers,KK Mega Leks (Serbia),2014,2,24,54,
Nemanja Nedovic,Phoenix Suns,BC Lietuvos rytas (Lithuania),2013,1,30,30,
Nenad Krstic,New Jersey Nets,KK Partizan (Serbia),2002,1,24,24,
Nene,New York Knicks,CR Vasco da Gama (Brazil),2002,1,7,7,
Nicolas Batum,Houston Rockets,Le Mans Sarthe Basket (France),2008,1,25,25,
Nikola Jokic,Denver Nuggets,KK Mega Leks (Serbia),2014,2,11,41,
Nikola Milutinov,San Antonio Spurs,KK Partizan (Serbia),2015,1,26,26,
Nikola Mirotic,Houston Rockets,Real Madrid Baloncesto (Spain),2011,1,23,23,
Nikola Pekovic,Minnesota Timberwolves,KK Partizan (Serbia),2008,2,1,31,
Nikola Radicevic,Denver Nuggets,CB Sevilla (Spain),2015,2,27,57,
Nikoloz Tskitishvili,Denver Nuggets,Universo Treviso Basket (Italy),2002,1,5,5,
Ognjen Kuzmic,Golden State Warriors,CB Axarquia (Spain),2012,2,22,52,
Oleksiy Pecherov,Washington Wizards,Paris Basket Racing (France),2006,1,18,18,
Omer Asik,Portland Trail Blazers,Fenerbahce S.K. (Turkey),2008,2,6,36,
Omri Casspi,Sacramento Kings,Maccabi Tel Aviv B.C. (Israel),2009,1,23,23,
Paccelis Morlende,Philadelphia 76ers,JDA Dijon Basket (France),2003,2,21,50,
Pape Sy,Atlanta Hawks,STB Le Havre (France),2010,2,23,53,
Patrick Beverley,Los Angeles Lakers,BC Dnipro (Ukraine),2009,2,12,42,
Paul Zipser,Chicago Bulls,FC Bayern Muenchen,2016,2,18,48,
Paulo Prestes,Minnesota Timberwolves,CB Murcia (Spain),2010,2,15,45,
Pavel Podkolzin,Utah Jazz,Pallacanestro Varese (Italy),2004,1,21,21,
Peter Fehse,Seattle SuperSonics,SV Halle (Germany),2002,2,20,48,
Peter Ramos,Washington Wizards,Criollos de Caguas (Puerto Rico),2004,2,3,32,
Petr Cornelie,Denver Nuggets,Le Mans Sarthe Basket (France),2016,2,23,53,
Petteri Koponen,Philadelphia 76ers,Espoon Honka (Finland),2007,1,30,30,
PJ Hairston,Miami Heat,Texas Legends (D-League),2014,1,26,26,
Qyntel Woods,Portland Trail Blazers,Northeast Mississippi Community College,2002,1,21,21,
Rade Zagorac,Boston Celtics,KK Mega Vizura,2016,2,5,35,
Raul Neto,Atlanta Hawks,San Sebastian Gipuzkoa BC (Spain),2013,2,17,47,
Remon Van de Hare,Toronto Raptors,FC Barcelona Basquet (Spain),2003,2,23,52,
Renaldas Seibutis,Dallas Mavericks,Maroussi B.C. (Greece),2007,2,20,50,
Ricky Rubio,Minnesota Timberwolves,Joventut Badalona (Spain),2009,1,5,5,
Ricky Sanchez,Portland Trail Blazers,IMG Academy,2005,2,5,35,
Robert Whaley,Utah Jazz,Walsh,2005,2,21,51,
Rodrigue Beaubois,Oklahoma City Thunder,Cholet Basket (France),2009,1,25,25,
Roko Leni Ukic,Toronto Raptors,KK Split (Croatia),2005,2,11,41,
Ronald Murray,Milwaukee Bucks,Shaw,2002,2,13,41,
Rudy Fernandez,Phoenix Suns,Joventut Badalona (Spain),2007,1,24,24,
Rudy Gobert,Denver Nuggets,Cholet Basket (France),2013,1,27,27,
Ryan Richards,San Antonio Spurs,CB Gran Canaria (Spain),2010,2,19,49,
Sani Becirovic,Denver Nuggets,Virtus Pallacanestro Bologna (Italy),2003,2,17,46,
Sasha Pavlovic,Utah Jazz,KK Buducnost Podgorica (Montenegro),2003,1,19,19,
Sasha Vujacic,Los Angeles Lakers,Pallalcesto Amatori Udine (Italy),2004,1,27,27,
Satnam Singh,Dallas Mavericks,IMG Academy,2015,2,22,52,
Sebastian Telfair,Portland Trail Blazers,Abraham Lincoln,2004,1,13,13,
Semih Erden,Boston Celtics,Fenerbahce S.K. (Turkey),2008,2,30,60,
Serge Ibaka,Oklahoma City Thunder,CB L'Hospitalet (Spain),2008,1,24,24,
Sergei Karaulov,San Antonio Spurs,Sakha-Yakutia Yakutsk (Russia),2004,2,28,57,
Sergei Monia,Portland Trail Blazers,PBC CSKA Moscow (Russia),2004,1,23,23,
Sergey Karasev,Cleveland Cavaliers,B.C. Zenit Saint Petersburg (Russia),2013,1,19,19,
Sergio Llull,Denver Nuggets,Real Madrid Baloncesto (Spain),2009,2,4,34,
Sergio Rodriguez,Phoenix Suns,CB Estudiantes (Spain),2006,1,27,27,
Sergiy Gladyr,Atlanta Hawks,MBC Mykolaiv (Ukraine),2009,2,19,49,
Shaun Livingston,Los Angeles Clippers,Peoria,2004,1,4,4,
Slavko Vranes,New York Knicks,KK Buducnost Podgorica (Montenegro),2003,2,10,39,
Sofoklis Schortsanitis,Los Angeles Clippers,Iraklis Thessaloniki B.C. (Greece),2003,2,5,34,
Stanko Barac,Miami Heat,HKK Siroki (Bosnia and Herzegovina),2007,2,9,39,
Sun Yue,Los Angeles Lakers,Beijing Olympians (China),2007,2,10,40,
Szymon Szewczyk,Milwaukee Bucks,Basketball Lowen Braunschweig (Germany),2003,2,6,35,
Tadija Dragicevic,Utah Jazz,KK Crvena zvezda (Serbia),2008,2,23,53,
Tanguy Ngombo,Dallas Mavericks,Al Rayyan Basketball Team (Qatar),2011,2,27,57,
Thabo Sefolosha,Philadelphia 76ers,Pallacanestro Biella (Italy),2006,1,13,13,
Thanasis Antetokounmpo,New York Knicks,Delaware 87ers (D-League),2014,2,21,51,
Thon Maker,Milwaukee Bucks,,2016,1,10,10,
Tiago Splitter,San Antonio Spurs,Saski Baskonia (Spain),2007,1,28,28,
Tibor Pleiss,New Jersey Nets,Brose Baskets (Germany),2010,2,1,31,
Timothe Luwawu-Cabarrot,Philadelphia 76ers,KK Mega Vizura,2016,1,24,24,
Tomas Satoransky,Washington Wizards,CB Sevilla (Spain),2012,2,2,32,
Tomislav Zubcic,Toronto Raptors,KK Cibona (Croatia),2012,2,26,56,
Travis Outlaw,Portland Trail Blazers,Starkville,2003,1,23,23,
Uros Slokar,Toronto Raptors,Pallalcesto Amatori Udine (Italy),2005,2,28,58,
Vasilije Micic,Philadelphia 76ers,KK Mega Leks (Serbia),2014,2,22,52,
Vassilis Spanoulis,Dallas Mavericks,Maroussi B.C. (Greece),2004,2,21,50,
Victor Claver,Portland Trail Blazers,Valencia BC (Spain),2009,1,22,22,
Viktor Khryapa,New Jersey Nets,PBC CSKA Moscow (Russia),2004,1,22,22,
Viktor Sanikidze,Atlanta Hawks,JDA Dijon Basket (France),2004,2,13,42,
Vladimir Veremeenko,Washington Wizards,CB Cornella (Spain),2006,2,18,48,
Wang Zhelin,Memphis Grizzlies,Fujian,2016,2,27,57,
Willy Hernangomez,Philadelphia 76ers,CB Sevilla (Spain),2015,2,5,35,
Xue Yuyang,Dallas Mavericks,Hong Kong Flying Dragons (China),2003,2,28,57,
Yao Ming,Houston Rockets,Shanghai Sharks (China),2002,1,1,1,
Yaroslav Korolev,Los Angeles Clippers,PBC CSKA Moscow (Russia),2005,1,12,12,
Yi Jianlian,Milwaukee Bucks,Guangdong Southern Tigers (China),2007,1,6,6,
Yotam Halperin,Seattle SuperSonics,KK Olimpija (Slovenia),2006,2,23,53,
Zarko Cabarkapa,Phoenix Suns,KK Buducnost Podgorica (Montenegro),2003,1,17,17,
Zaza Pachulia,Orlando Magic,Ulkerspor (Turkey),2003,2,13,42,
Zhou Qi,Houston Rockets,Xinjiang Guanghui,2016,2,13,43,
Zoran Planinic,New Jersey Nets,KK Cibona (Croatia),2003,1,22,22,
